"ID","name"
11762,"cherold"
99112,"Pingo-2"
102816,"CuriosityKilledShawn"
136570,"Joe 25"
214643,"Jdc102"
384059,"Obi5"
453068,"Quinoa1984"
453751,"PeteRoy"
503705,"fandangonoir"
527131,"DrMetal"
613281,"Bio Hazard"
735232,"sascha-17"
804482,"mamo_chan"
805913,"weaponx15"
892646,"dee.reid"
918957,"BlackJack_B"
1002035,"bob the moo"
1111192,"Aaron1375"
1128823,"abarsby"
1173088,"MovieAddict2016"
1226761,"jpeck83"
1284840,"velvoofell"
1415253,"TheFiddler"
1416505,"Boba_Fett1138"
1466728,"pho_king_guy"
1532617,"FlyingTampon"
1550530,"Gorilla Punk"
1566158,"carnivore"
1598288,"cardfather"
1599536,"Shippmeister"
1616612,"pathighgate"
1653113,"drgnifty"
1659131,"anchorinnmd"
1710115,"Darth_Homer"
1718727,"whitepatrick"
1731433,"Littlebitsofgaming"
1734941,"tp13fox"
1770506,"Meltdown53098533"
1788101,"sublime13_311@yahoo.com"
1822440,"Screenwhisperer"
1827041,"imperial_wizard"
1874199,"smla02"
1880137,"zenevangelion"
1890548,"The-Flaming-Pig"
1896076,"lopingbuzzard"
1933063,"BULLITT_KID"
1980092,"Rob_Taylor"
1994077,"Mr-Fusion"
2000368,"avs4ever"
2020066,"KellySmiths55358"
2039509,"TheEtherWalk"
2082018,"paul2001sw-1"
2088822,"stearny1210"
2091633,"GreySphinx"
2093818,"TBJCSKCNRRQTreviews"
2094131,"rossrobinson"
2111176,"fass99"
2118483,"evanhalikias"
2131024,"Blade_Le_Flambeur"
2148783,"Anime_Freak"
2154140,"PlayerSS"
2158529,"gpaltrow2001"
2188300,"batman684"
2223721,"Rirath_com"
2236783,"MLewis8"
2292515,"mOVIemAN56"
2300261,"niceguyandrew"
2332070,"ron_72180"
2350478,"jcallows"
2373195,"thefiend703"
2381216,"reigunyu"
2406336,"phrozen_ed"
2435710,"Draco2-0"
2619078,"cadillac20"
2623973,"No_one_here"
2729196,"Peats"
2761042,"knightwraith"
2843647,"insomniac_rod"
2904509,"Tyferra"
2913139,"Cheesedemon28"
2925094,"Ryo7"
2956897,"Angel_Meiru"
2980939,"nvdw"
2996731,"koeigames"
3166297,"practiced_bravado"
3208377,"gothamite27"
3227375,"hentschellm"
3397538,"SylvesterFox007"
3495096,"Finntroll"
3567019,"MICHAEL101011"
3575068,"TorquemadaFan"
3599980,"kensei_010"
3624622,"slicedbread"
3798706,"dvc5159"
3858996,"Dapook"
3868472,"webbbarton"
3897624,"wolverinex2002"
3934322,"HideoKojima"
3949685,"Mbowling3"
4025773,"dfle3"
4050135,"KalleEk"
4050371,"Guardia"
4054792,"original_wieners"
4067801,"au_law2001"
4100324,"snapa"
4130059,"zephyrboy"
4247247,"Medacakathareal"
4274455,"ratcat0"
4287776,"coolerthantheFonz"
4341830,"Grayfox176"
4341865,"prince-adam-de-guate"
4360180,"hawkeye123"
4405474,"851222"
4590573,"enkephalin07"
4669024,"MaximumMadness"
4784092,"bputu"
4954919,"LiterateSideUp"
5020744,"brownish33"
5081330,"johsdahl"
5098403,"Jakethemuss"
5175792,"The_Light_Triton"
5180211,"pea_tear_griffin2"
5231930,"el_burro_1999"
5252199,"machngunjoe"
5257453,"Billyx7"
5283631,"krasnaya"
5295859,"thegreatcory"
5308260,"wilson2000188-2"
5323229,"Diplodocus55"
5368428,"phenomynouss"
5375780,"b2_see"
5439702,"SteveDonnachie20022001"
5444147,"mike41288"
5513934,"Flagrant-Baronessa"
5538400,"paladin-64"
5541859,"therocinante"
5798426,"blazingheat"
5814638,"kaha6uc"
5956870,"Anarchy7451"
5960962,"KillerK1991"
6042911,"bulleetz37235"
6099789,"Jack_Bauer_CTU_FO"
6118275,"tim020507"
6230108,"desi-crypt"
6305926,"Terryfan"
6314543,"donkey_90"
6489499,"thisrockisit"
6506775,"john_jaxs"
6587914,"PowerRangersAreStupid"
6590247,"vern-29"
6812030,"leasen"
6882651,"ahodde"
6918162,"jnaralee"
7238696,"armando_z2005"
7313618,"XavierInVanCity"
7361458,"bron2b"
7404732,"RavenFilmsAndReviews"
7506292,"Tinmancr"
7572888,"christopherhoward007"
7663548,"closer28"
7826013,"zkonedog"
7880053,"doowop_dempsey"
7914648,"The_Wonderful_Paradox"
7968744,"Lifeless10"
8186713,"grewelgrewel"
8285846,"Danny-Rodriguez"
8306481,"jghydra"
8360433,"coolfasho-1"
8440369,"Margera4445"
8595100,"darkgzmo"
8651591,"ltadams2247"
8752500,"Dr_House_MD"
8803849,"kargaan"
9117892,"martin-heron"
9222285,"Dan_Finn"
9232218,"g_kid_316"
9369690,"soccerdragon128"
9413451,"Stoh80"
9516916,"chrichtonsworld"
9535234,"jamster_911"
9738032,"wax69"
9868639,"wassamatter"
9915063,"Exeron"
9922916,"toronto_bill"
